canonical_name,id,reason
Sun Tzu,sun-tzu,family name written first
Zhang Heng,zhang-heng,family name written first
Li Bai,li-bai,family name written first
Li Shizhen,li-shizhen,family name written first
Murasaki Shikibu,murasaki-shikibu,court name; conventional order
Shen Kuo,shen-kuo,family name written first
Tu Youyou,tu-youyou,family name written first
Zu Chongzhi,zu-chongzhi,family name written first
Ban Gu,ban-gu,family name written first
Cao Xueqin,cao-xueqin,family name written first
Deng Ming-Dao,deng-ming-dao,family name written first
Du Fu,du-fu,family name written first
Guo Shoujing,guo-shoujing,family name written first
Han Fei,han-fei,family name written first
Hua Tuo,hua-tuo,family name written first
Katsushika Hokusai,katsushika-hokusai,art name; conventional order
Liu Hui,liu-hui,family name written first
Lu Xun,lu-xun,pen name; family name written first
Su Song,su-song,family name written first
Wang Zhenyi,wang-zhenyi,family name written first
Wu Cheng'en,wu-chengen,family name written first
Zhang Zhongjing,zhang-zhongjing,family name written first
Zhu Shijie,zhu-shijie,family name written first
Tenzin Gyatso (14th Dalai Lama),tenzin-gyatso,religious name; no family name
Ludwig Mies van der Rohe,mies-van-der-rohe-ludwig,compound family name
Gabriel García Márquez,garcia-marquez-gabriel,Spanish double family name
William Thomson Lord Kelvin,thomson-william-kelvin,"title in the roster name; family name Thomson, peerage Kelvin"
Lord Acton,acton-lord,title kept as written (roster name has no given name)
Lord Byron,byron-lord,title kept as written (roster name has no given name)
