record,field,change,old,new,applied,reason
bohr-niels,timing.major_work_period,"span checked, unchanged",1913–1939,1913–1939,n/a,First and last listed lasting contributions match the span; dates follow P30 #1–4 as listed; before death.
bohr-niels,worldview.working_years,set equal to major_work_period,1906–1962,1913–1939,yes,P30 addendum f.
boyle-robert,timing.major_work_period,span moved,1659–1668,1659–1666,yes,"From the air pump (1659–1660) to The Origine of Formes and Qualities (1666), the first and last listed lasting contributions (P29). Span check 2026-10-02 (P29, P30 and its addendum): was 1659–1668 ('the Oxford years'). The list ended in 1662, and S1 names the Origine of Formes (1666) among his most influential writings, so it was added and the span ends there."
boyle-robert,worldview.working_years,set equal to major_work_period,1644–1691,1659–1666,yes,P30 addendum f.
boyle-robert,contribution.lasting_original_contributions,item added,,The Origine of Formes and Qualities: chemical experiments used to support the corpuscular (mechanical) hypothesis of matter (1666),yes,"One encyclopedia article names it among his most influential writings, so 0.7. Added 2026-10-02 under the P30 addendum (the latest lasting work must be listed)."
chandrasekhar-subrahmanyan,timing.major_work_period,"span checked, unchanged",1930–1983,1930–1983,n/a,First and last listed lasting contributions match the span; dates follow P30 #1–4 as listed; before death.
chandrasekhar-subrahmanyan,worldview.working_years,set equal to major_work_period,1929–1995,1930–1983,yes,P30 addendum f.
clausius-rudolf,timing.major_work_period,"span checked, unchanged",1850–1865,1850–1865,n/a,First and last listed lasting contributions match the span; dates follow P30 #1–4 as listed; before death.
clausius-rudolf,worldview.working_years,set equal to major_work_period,1844–1888,1850–1865,yes,P30 addendum f.
curie-marie,timing.major_work_period,span moved,1898–1911,1898–1910,yes,"From polonium and radium (1898) to the isolation of radium (1902–1910; a range gives its end year, P30 #4). Span check 2026-10-02 (P29, P30 and its addendum): was 1898–1911, which ended at the second Nobel Prize, not a listed contribution."
curie-marie,worldview.working_years,set equal to major_work_period,1894–1934,1898–1910,yes,P30 addendum f.
dirac-paul,timing.major_work_period,span moved,1925–1933,1925–1934,yes,"From quantum mechanics (1925–1926) to vacuum polarization (1934), the first and last listed lasting contributions (P29). Span check 2026-10-02 (P29, P30 and its addendum): was 1925–1933. S1 names his 1934 vacuum polarization among the ideas that later made the predictions of quantum electrodynamics finite, so it was added as the latest lasting item."
dirac-paul,worldview.working_years,set equal to major_work_period,1923–1984,1925–1934,yes,P30 addendum f.
dirac-paul,contribution.lasting_original_contributions,item added,,Vacuum polarization (1934),yes,"One encyclopedia article, so 0.7. Added 2026-10-02 under the P30 addendum (the latest lasting work must be listed). Not added: the 1933 Lagrangian paper (S1; S2), which falls inside the span, and the 1938 classical electron theory (S2, 'famous paper'), which no source read calls lasting."
einstein-albert,timing.major_work_period,span moved,1905–1915,1905–1925,yes,"From light quanta and special relativity (1905) to Bose–Einstein statistics and condensation (1924–1925; range end, P30 #4), the first and last listed lasting contributions (P29). Span check 2026-10-02 (P29, P30 and its addendum): was 1905–1915. S1 (Legacy) names Bose–Einstein condensates among his results that later won Nobel Prizes, so the item was added, dated by the Nobel Foundation's account (S7). Open: S1 also names the 1935 EPR argument, which would end the span in 1935 if listed."
einstein-albert,worldview.working_years,set equal to major_work_period,1905–1955,1905–1925,yes,P30 addendum f.
einstein-albert,contribution.lasting_original_contributions,item added,,Bose–Einstein statistics for atoms and the prediction of Bose–Einstein condensation (1924–1925),yes,"Britannica names it among his results that later won Nobel Prizes (its year for that prize is loose: the condensate was made in 1995 and the prize came in 2001, S7). The years are the Nobel Foundation's: Bose's 1924 work, then Einstein's extension, seventy years before 1995. Two sources, but the dates rest on one, so 0.7. Added 2026-10-02 under the P30 addendum (the latest lasting work must be listed)."
einstein-albert,sources,source added,,"S7: Royal Swedish Academy of Sciences. ""The Nobel Prize in Physics 2001."" Press release, 9 October 2001. NobelPrize.org. https://www.nobelprize.org/prizes/physics/2001/press-release/.",yes,Dates the added Bose–Einstein item.
einstein-albert,text,span reference updated,Whether he held them during 1905–1915 is not shown in S1–S5.,Whether he held them during the 1905–1925 span is not shown in S1–S7.,yes,Old span in a rationale or open question.
einstein-albert,text,span reference updated,Check whether any LIO-type religious statement predates 1915 (lio_views_relative_to_major_work is unclear).,"Check whether any LIO-type religious statement predates 1925, the end of the span (lio_views_relative_to_major_work is unclear).",yes,Old span in a rationale or open question.
faraday-michael,timing.major_work_period,span moved,1821–c. 1855,1821–1850,yes,"From electromagnetic rotation (1821) to the field conception ('by 1850', an inclusive bound, so 1850; P30 #4), the first and last listed lasting contributions (P29). Span check 2026-10-02 (P29, P30 and its addendum): was 1821–c. 1855, which ended when S1 says his mind began to fail, not at a listed contribution."
faraday-michael,worldview.working_years,set equal to major_work_period,1813–1865,1821–1850,yes,P30 addendum f.
fermi-enrico,timing.major_work_period,"span checked, unchanged",1926–1942,1926–1942,n/a,First and last listed lasting contributions match the span; dates follow P30 #1–4 as listed; before death.
fermi-enrico,worldview.working_years,set equal to major_work_period,1921–1954,1926–1942,yes,P30 addendum f.
feynman-richard,timing.major_work_period,span moved,1946–1949,1939–1968,yes,"From the 1939 MIT thesis on forces in molecules to the parton model (listed as 1950s–1968, so 1968; P30 #4), the first and last listed lasting contributions (P29). Span check 2026-10-02 (P29, P30 and its addendum): was 1946–1949, the QED years only."
feynman-richard,worldview.working_years,set equal to major_work_period,1939–1988,1939–1968,yes,P30 addendum f.
feynman-richard,timing.lio_views_relative_to_major_work,label changed,after major work,during major work,yes,"The statement read is from 1956, inside the 1939–1968 span (span check 2026-10-02; it was 'after major work' against the old 1946–1949 span); earlier views not read."
galilei-galileo,timing.major_work_period,span moved,1604–1638,1609–1638,yes,"From the telescopic discoveries (1609–1610; a range gives its start year, P12) to Two New Sciences (1638), the first and last listed lasting contributions (P29). Span check 2026-10-02 (P29, P30 and its addendum): was 1604–1638, which started with the Padua mechanics, not a listed contribution."
galilei-galileo,worldview.working_years,set equal to major_work_period,1589–1642,1609–1638,yes,P30 addendum f.
godel-kurt,timing.major_work_period,span moved,1929–1949,1929–1958,yes,"From the completeness theorem (1929) to the Dialectica interpretation (1958), the first and last listed lasting contributions (P29). Span check 2026-10-02 (P29, P30 and its addendum): was 1929–1949, which stopped at the rotating universes although the 1958 item was listed."
godel-kurt,worldview.working_years,set equal to major_work_period,1929–1978,1929–1958,yes,P30 addendum f.
heisenberg-werner,timing.major_work_period,"span checked, unchanged",1925–1932,1925–1932,n/a,First and last listed lasting contributions match the span; dates follow P30 #1–4 as listed; before death.
heisenberg-werner,worldview.working_years,set equal to major_work_period,1922–1976,1925–1932,yes,P30 addendum f.
herschel-caroline,timing.major_work_period,span moved,1786–1828,1783–1828,yes,"From the three nebulae of 1783 to the nebula catalogue (1822–1828), the first and last listed lasting contributions (P29). Span check 2026-10-02 (P29, P30 and its addendum): was 1786–1828, which started with the first comet rather than the earliest listed item."
herschel-caroline,worldview.working_years,set equal to major_work_period,1772–1848,1783–1828,yes,P30 addendum f.
hodgkin-dorothy,timing.major_work_period,"span checked, unchanged",1942–1969,1942–1969,n/a,First and last listed lasting contributions match the span; dates follow P30 #1–4 as listed; before death.
hodgkin-dorothy,worldview.working_years,set equal to major_work_period,1932–1994,1942–1969,yes,P30 addendum f.
hubble-edwin,timing.major_work_period,span checked; how_known rewritten,1923–1936,1923–1936,yes,"From the Andromeda Cepheids (1923–1924) to The Realm of the Nebulae (1936), the first and last listed lasting contributions (P29). Span check 2026-10-02 (P29, P30 and its addendum): span unchanged. The 1936 book was not on the list, which ended in 1931; S1 calls it 'his important book' and says that by then he had laid down methods extragalactic astronomers followed for decades, so it was added."
hubble-edwin,worldview.working_years,set equal to major_work_period,1914–1953,1923–1936,yes,P30 addendum f.
hubble-edwin,contribution.lasting_original_contributions,item added,,The Realm of the Nebulae: his account of the methods of extragalactic astronomy (1936),yes,"One encyclopedia article, so 0.7. Added 2026-10-02 under the P30 addendum (the latest lasting work must be listed)."
ibn-sina,timing.major_work_period,span moved,c. 1012–1037,1016–1027,yes,"The Cure (1016–1027), the earliest and latest dated listed lasting contribution (P29; P12 for the start, P30 #4 for the end). Span check 2026-10-02 (P29, P30 and its addendum): was c. 1012–1037, which ran to his death. The Canon, the necessary/possible distinction and the flying man are listed without years; the last two are set out in The Cure. Dating the Canon by its composition (addendum c) is left open."
ibn-sina,worldview.working_years,set equal to major_work_period,c. 998–1037,1016–1027,yes,P30 addendum f.
kepler-johannes,timing.major_work_period,"span checked, unchanged",1604–1627,1604–1627,n/a,First and last listed lasting contributions match the span; dates follow P30 #1–4 as listed; before death.
kepler-johannes,worldview.working_years,set equal to major_work_period,1594–1630,1604–1627,yes,P30 addendum f.
lavoisier-antoine,timing.major_work_period,"span checked, unchanged",1772–1789,1772–1789,n/a,First and last listed lasting contributions match the span; dates follow P30 #1–4 as listed; before death.
lavoisier-antoine,worldview.working_years,set equal to major_work_period,1764–1794,1772–1789,yes,P30 addendum f.
leavitt-henrietta-swan,timing.major_work_period,span moved,1907–1921,1912–1921,yes,"From the period–luminosity relation (1912) to the variable-star count ('by 1921', an inclusive bound, so 1921), the first and last listed lasting contributions (P29). Span check 2026-10-02 (P29, P30 and its addendum): was 1907–1921, which started with Pickering's 1907 plan, not a listed contribution."
leavitt-henrietta-swan,worldview.working_years,set equal to major_work_period,1895–1921,1912–1921,yes,P30 addendum f.
libby-willard,timing.major_work_period,span moved,1946–1952,1941–1947,yes,"From the gaseous-diffusion barrier (1941–1945; classified work, dated by its work years, P30 #2) to radiocarbon dating (1947), the first and last listed lasting contributions (P29). Span check 2026-10-02 (P29, P30 and its addendum): was 1946–1952. The 1952 book Radiocarbon Dating sets out the 1947 method and is not a separate listed contribution."
libby-willard,worldview.working_years,set equal to major_work_period,1931–1980,1941–1947,yes,P30 addendum f.
meitner-lise,timing.major_work_period,"span checked, unchanged",1918–1939,1918–1939,n/a,First and last listed lasting contributions match the span; dates follow P30 #1–4 as listed; before death.
meitner-lise,worldview.working_years,set equal to major_work_period,1906–1960,1918–1939,yes,P30 addendum f.
mendeleev-dmitri,timing.major_work_period,span moved,1868–1871,1869–1871,yes,"The periodic law and table (1869–1871), the only listed lasting contribution (P29). Span check 2026-10-02 (P29, P30 and its addendum): was 1868–1871, which started with work on the Osnovy khimii textbook."
mendeleev-dmitri,worldview.working_years,set equal to major_work_period,1855–1907,1869–1871,yes,P30 addendum f.
newton-isaac,timing.major_work_period,span moved,1665–1693,1665–1704,yes,"From the plague-years calculus (1665) to the Opticks (1704), the first and last listed lasting contributions (P29). Span check 2026-10-02 (P29, P30 and its addendum): was 1665–1693, which ended at his breakdown and move to London. The Opticks (1704) was in major_works but not on the list. S1 names it among his notable works and says the calculus first appeared in print in its two appended papers, so it was added and the span ends there. Later editions (1706, 1713, 1717–18, 1726) revise earlier work and are not separate items."
newton-isaac,worldview.working_years,set equal to major_work_period,1665–1727,1665–1704,yes,P30 addendum f.
newton-isaac,contribution.lasting_original_contributions,item added,,"Opticks: the experiments on light and colours in book form, with the first printed account of his calculus in two appended papers (1704)",yes,"One encyclopedia article, read on three of its pages, so 0.7. S1 adds that the book 'merely published work done 30 years before'. Added 2026-10-02 under the P30 addendum (the latest lasting work must be listed)."
oppenheimer-j-robert,timing.major_work_period,"span checked, unchanged",1927–1945,1927–1945,n/a,First and last listed lasting contributions match the span; dates follow P30 #1–4 as listed; before death.
oppenheimer-j-robert,worldview.working_years,set equal to major_work_period,1925–1967,1927–1945,yes,P30 addendum f.
pasteur-louis,timing.major_work_period,"span checked, unchanged",1848–1885,1848–1885,n/a,First and last listed lasting contributions match the span; dates follow P30 #1–4 as listed; before death.
pasteur-louis,worldview.working_years,set equal to major_work_period,1847–1895,1848–1885,yes,P30 addendum f.
pauling-linus,timing.major_work_period,span moved,1927–1954,1931–1951,yes,"From the 1931 chemical-bond paper (1931–1939; a range gives its start year, P12) to the alpha helix (1948–1951, so 1951; P30 #4), the first and last listed lasting contributions (P29). Span check 2026-10-02 (P29, P30 and its addendum): was 1927–1954 (his return to Caltech to the chemistry Nobel Prize), neither a listed contribution."
pauling-linus,worldview.working_years,set equal to major_work_period,1922–1994,1931–1951,yes,P30 addendum f.
planck-max,timing.major_work_period,span moved,1879–1906,1879–1900,yes,"From the entropy work (1879–1897; a range gives its start year, P12) to the radiation law and the quantum of action (1900), the first and last listed lasting contributions (P29). Span check 2026-10-02 (P29, P30 and its addendum): was 1879–1906, which ended with the 1906 radiation book; S3 says that book summarizes the work, and it is not a listed contribution."
planck-max,worldview.working_years,set equal to major_work_period,1879–1947,1879–1900,yes,P30 addendum f.
schrodinger-erwin,timing.major_work_period,span moved,1926,1926–1944,yes,"From wave mechanics (1926) to What is Life? (1944), the first and last listed lasting contributions (P29). Span check 2026-10-02 (P29, P30 and its addendum): was '1926', Britannica's six months of 1926 only."
schrodinger-erwin,worldview.working_years,set equal to major_work_period,1910–1961,1926–1944,yes,P30 addendum f.
schrodinger-erwin,timing.lio_views_relative_to_major_work,label changed,unclear,during major work,yes,"Verified statements are from 1944 (the What is Life? epilogue, the last listed item) and 1958; 1944 is inside the 1926–1944 span (span check 2026-10-02; it was 'unclear' against the old span of 1926 only). If an earlier essay (often dated 1925, not checked) holds the same view, the answer would be 'before major work'."
boyle-robert,worldview.primary_system,would change (not applied),CHRIST 0.7,"CHRIST at 0.5 on Britannica's account of his lifelong piety (S1), or BELOW_THRESHOLD",no,"S3 Free Enquiry (1686) and S4 Christian Virtuoso (1690): after the span; states the view at the time of writing, so it is not a retrospective self-report (P29/P20)."
boyle-robert,worldview.A_locus,would change (not applied),0 at 0.7,BELOW_THRESHOLD (no A evidence inside 1659–1666),no,"S3 p. 158 (1686): after the span; states the view at the time of writing, so it is not a retrospective self-report (P29/P20)."
boyle-robert,worldview.B_cause,would change (not applied),3 at 0.7,"3 or 4 at 0.5 inferred from the air-pump and corpuscular work (P24), or BELOW_THRESHOLD; the miracle exception is only in S3",no,"S3 pp. 8, 10–11, 160, 239–240 (1686): after the span; states the view at the time of writing, so it is not a retrospective self-report (P29/P20)."
boyle-robert,worldview.C_ledger,would change (not applied),0 at 0.7,BELOW_THRESHOLD,no,"S4 pp. 41–42 (1690): after the span; states the view at the time of writing, so it is not a retrospective self-report (P29/P20)."
boyle-robert,worldview.D_authority,would change (not applied),2 at 0.7,BELOW_THRESHOLD,no,"S4 pp. 117–118 (1690); S2 §4.8 reads the same late work: after the span; states the view at the time of writing, so it is not a retrospective self-report (P29/P20)."
boyle-robert,worldview.E_scope,would change (not applied),3 at 0.7,BELOW_THRESHOLD,no,"S3 pp. 15–16, 160, 239–240 (1686): after the span; states the view at the time of writing, so it is not a retrospective self-report (P29/P20)."
boyle-robert,worldview.mid_basin,would change (not applied),true at 0.7 (pass),BELOW_THRESHOLD (A not scored at 0.7),no,"Follows A and B, whose evidence is all from 1686 and 1690."
einstein-albert,worldview.primary_system,would change (not applied),PANT 0.7,BELOW_THRESHOLD,no,"S4 cable (1929), S3 essays (1930, 1939, 1941); S5 (SEP) reads the same late texts: after the span; states the view at the time of writing, so it is not a retrospective self-report (P29/P20)."
einstein-albert,worldview.A_locus,would change (not applied),4 at 0.7,BELOW_THRESHOLD,no,"S4 (1929), S3 (1941): after the span; states the view at the time of writing, so it is not a retrospective self-report (P29/P20)."
einstein-albert,worldview.B_cause,would change (not applied),4 at 0.7,"4 at 0.5 inferred from the relativity work (P24), as for Fermi",no,"S3 (1930, 1941): after the span; states the view at the time of writing, so it is not a retrospective self-report (P29/P20)."
einstein-albert,worldview.C_ledger,would change (not applied),4 at 0.7,BELOW_THRESHOLD,no,"S3 (1930), S4 (1929): after the span; states the view at the time of writing, so it is not a retrospective self-report (P29/P20)."
einstein-albert,worldview.D_authority,would change (not applied),2 at 0.7,UNKNOWN,no,"S3 (1939, 1941): after the span; states the view at the time of writing, so it is not a retrospective self-report (P29/P20)."
einstein-albert,worldview.E_scope,would change (not applied),4 at 0.7,BELOW_THRESHOLD (P19: not scored from working science alone),no,"S3 (1930, 1941): after the span; states the view at the time of writing, so it is not a retrospective self-report (P29/P20)."
einstein-albert,worldview.mid_basin,would change (not applied),false at 0.7,BELOW_THRESHOLD (A not scored),no,"Follows A. If the 1935 EPR argument (S1) were listed, the span would be 1905–1935, the 1929 cable and 1930 essay would fall inside, and of these only D (1939, 1941) would still change."
faraday-michael,worldview.primary_system,would change (not applied),CHRIST 0.7,"CHRIST, probably at 0.5: inside the span there is one letter in his words (S3, 1844) plus the S5 and S9 accounts",no,"S4 letter (1861) and the S10 letters of his last years: after the span; states the view at the time of writing, so it is not a retrospective self-report (P29/P20)."
faraday-michael,worldview.A_locus,would change (not applied),0 at 0.7,"0 at 0.5 (one in-span letter, S3 1844, plus S5 and S10 p. 36), unless those accounts are judged enough for 0.7",no,"S4 letter (1861) and S10 p. 58 (letter to the Comte de Paris, last years): after the span; states the view at the time of writing, so it is not a retrospective self-report (P29/P20)."
faraday-michael,worldview.B_cause,would change (not applied),3 at 0.7,"4, or 3 at 0.5: the stated exception (only God can create or destroy force) is from 1857; the in-span support is S8's undated quotation, S9 and S10 p. 118",no,"S8's 1857 discourse and S10 p. 103 (1862 evidence to the Public Schools Commission): after the span; states the view at the time of writing, so it is not a retrospective self-report (P29/P20)."
faraday-michael,worldview.D_authority,would change (not applied),2 at 0.7,"2 at 0.5 (1844 letter, S9, S5) or BELOW_THRESHOLD; the revelation side rests on the 1854 lecture",no,"S10 pp. 99–100, 'Observations on Mental Education' (1854): after the span; states the view at the time of writing, so it is not a retrospective self-report (P29/P20)."
faraday-michael,worldview.mid_basin,would change (not applied),true at 0.7 (pass),BELOW_THRESHOLD if A drops below 0.7 (P4 bar); stays true if A stays 0 at 0.7,no,Follows A and B.
godel-kurt,worldview.A_locus,would change (not applied),1 at 0.7,BELOW_THRESHOLD (no A evidence inside 1929–1958),no,"S5 Grandjean questionnaire (1974–75), S8 ontological proof (1970), S6 letter of 23 July 1961: after the span; states the view at the time of writing, so it is not a retrospective self-report (P29/P20)."
godel-kurt,worldview.B_cause,would change (not applied),3 at 0.7,"4 at 0.5 or BELOW_THRESHOLD: inside the span only the 1952 telepathy letter is left, and the stated exception (end of the world) is from 1961",no,"S6 and S7 letters of 1961; S1's 'My Philosophical Viewpoint' list (c. 1960): after the span; states the view at the time of writing, so it is not a retrospective self-report (P29/P20)."
godel-kurt,worldview.C_ledger,would change (not applied),3 at 0.5,"3 at 0.5 on the 27 February 1950 letter alone, or BELOW_THRESHOLD",no,"S6 letter of 23 July 1961 and S7 letter of October 1961: after the span; states the view at the time of writing, so it is not a retrospective self-report (P29/P20)."
godel-kurt,worldview.D_authority,would change (not applied),3 at 0.7,BELOW_THRESHOLD (only the 1958 remark on papal nuncios is inside),no,"S7 letter of October 1961 and the Bible notebook, S1 list (c. 1960), S6 letter of 1961: after the span; states the view at the time of writing, so it is not a retrospective self-report (P29/P20)."
godel-kurt,worldview.E_scope,would change (not applied),3 at 0.5,4 at 0.5 or BELOW_THRESHOLD (only the 1952 letter is inside),no,"S6 and S7 letters of 1961: after the span; states the view at the time of writing, so it is not a retrospective self-report (P29/P20)."
godel-kurt,worldview.mid_basin,would change (not applied),true at 0.7 (pass),BELOW_THRESHOLD (A not scored),no,Follows A.
heisenberg-werner,worldview.A_locus,would change (not applied),2 at 0.7,BELOW_THRESHOLD,no,"S4 Guardini Prize lecture (1973): after the span; states the view at the time of writing, so it is not a retrospective self-report (P29/P20)."
heisenberg-werner,worldview.B_cause,would change (not applied),4 at 0.7,4 at 0.5 inferred from the working physics (S1; P24),no,"S4 (1973): after the span; states the view at the time of writing, so it is not a retrospective self-report (P29/P20)."
heisenberg-werner,worldview.D_authority,would change (not applied),2 at 0.7,UNKNOWN,no,"S4 (1973): after the span; states the view at the time of writing, so it is not a retrospective self-report (P29/P20)."
heisenberg-werner,worldview.mid_basin,would change (not applied),TODO,BELOW_THRESHOLD (A not scored),no,Follows A.
herschel-caroline,worldview.primary_system,would change (not applied),CHRIST 0.5,BELOW_THRESHOLD,no,"S3 letters of 3 March 1829 and 23 April 1835: after the span; states the view at the time of writing, so it is not a retrospective self-report (P29/P20)."
herschel-caroline,worldview.A_locus,would change (not applied),0 at 0.5,BELOW_THRESHOLD,no,"S3 letters of 1829 and 1835: after the span; states the view at the time of writing, so it is not a retrospective self-report (P29/P20)."
hubble-edwin,worldview.B_cause,would change (not applied),4 at 0.7,4 at 0.5 inferred from the Cepheid and redshift work (S1; P24),no,"S2 p. 10, 'The Nature of Science' (1948): after the span; states the view at the time of writing, so it is not a retrospective self-report (P29/P20)."
hubble-edwin,worldview.D_authority,would change (not applied),2 at 0.7,UNKNOWN,no,"S2 pp. 38–39, Caltech address (1938): after the span; states the view at the time of writing, so it is not a retrospective self-report (P29/P20)."
mendeleev-dmitri,worldview.B_cause,would change (not applied),4 at 0.7,4 at 0.5 inferred from the periodic law work (S1; P24),no,"S4 lectures against spiritualism (1876): after the span; states the view at the time of writing, so it is not a retrospective self-report (P29/P20)."
newton-isaac,worldview.primary_system,would change (not applied),CHRIST 0.7,"CHRIST at 0.5 (inside the span only the S1 and S12 accounts: Arian from about 1672, decades of biblical study)",no,"S9, S10, S11 private manuscripts (all dated post-1710 by the Newton Project): after the span; states the view at the time of writing, so it is not a retrospective self-report (P29/P20)."
newton-isaac,worldview.A_locus,would change (not applied),1 at 1.0,"at most 0.7 on the Bentley letters (1692–93: a Deity, a voluntary Agent), or BELOW_THRESHOLD if they are judged not to place God",no,"S5 General Scholium (1713) and S6/S14 Opticks Query 31 (1717): after the span; states the view at the time of writing, so it is not a retrospective self-report (P29/P20)."
newton-isaac,worldview.C_ledger,would change (not applied),0 at 0.7,BELOW_THRESHOLD,no,"S9, S10, S11 (post-1710): after the span; states the view at the time of writing, so it is not a retrospective self-report (P29/P20)."
newton-isaac,worldview.D_authority,would change (not applied),2 at 0.7,"2 at 0.5 (Principia method, the 1692 Bentley letter, S1 and S12 on his biblical study) or BELOW_THRESHOLD",no,"S5 (1713), S6 (1717), S9 and S10 (post-1710): after the span; states the view at the time of writing, so it is not a retrospective self-report (P29/P20)."
newton-isaac,worldview.E_scope,would change (not applied),3 at 0.7,"4 at 0.7 or lower: inside the span only Rule II (1687) is left; the stated exception (God could vary the laws, Query 31) and Rule III are later",no,"S6 Query 31 (1717), S5 (1713), Rule III (added in 1713), S9 article 8 (post-1710): after the span; states the view at the time of writing, so it is not a retrospective self-report (P29/P20)."
newton-isaac,worldview.mid_basin,would change (not applied),true at 0.7 (pass),stays true if A is 1 at 0.7 on the Bentley letters; BELOW_THRESHOLD if A is not scored,no,Follows A; B (3 at 0.7) holds on the Principia (1687) and the Bentley letters (1692–93).
pauling-linus,worldview.primary_system,would change (not applied),SECHUM 0.7,BELOW_THRESHOLD,no,"S3 'Humanism and Peace' (1961), S4 letter (1963): after the span; states the view at the time of writing, so it is not a retrospective self-report (P29/P20)."
pauling-linus,worldview.A_locus,would change (not applied),4 at 0.7,BELOW_THRESHOLD,no,"S4 (1963, 'I do not believe in God', present tense), S3 (1961): after the span; states the view at the time of writing, so it is not a retrospective self-report (P29/P20)."
pauling-linus,worldview.B_cause,would change (not applied),4 at 0.7,4 at 0.5 inferred from the structural chemistry (S1; P24),no,"S3 (1961): after the span; states the view at the time of writing, so it is not a retrospective self-report (P29/P20)."
pauling-linus,worldview.C_ledger,would change (not applied),4 at 0.7,BELOW_THRESHOLD,no,"S3 (1961): after the span; states the view at the time of writing, so it is not a retrospective self-report (P29/P20)."
pauling-linus,worldview.D_authority,would change (not applied),4 at 0.7,"BELOW_THRESHOLD; the 1963 letter's account of leaving the church is retrospective but undated and seems to be about his youth, before the span",no,"S3 (1961), S4 (1963): after the span; states the view at the time of writing, so it is not a retrospective self-report (P29/P20)."
pauling-linus,worldview.E_scope,would change (not applied),4 at 0.7,BELOW_THRESHOLD,no,"S3 (1961): after the span; states the view at the time of writing, so it is not a retrospective self-report (P29/P20)."
pauling-linus,worldview.mid_basin,would change (not applied),false at 0.7,BELOW_THRESHOLD (A not scored),no,Follows A.
planck-max,worldview.primary_system,would change (not applied),DEISM 0.5,BELOW_THRESHOLD,no,"S4 lecture (1937), S6/S9 letter (1947): after the span; states the view at the time of writing, so it is not a retrospective self-report (P29/P20)."
planck-max,worldview.A_locus,would change (not applied),2 at 0.7,BELOW_THRESHOLD,no,"S4 (1937); the 1947 letter (S6, S9) says 'glaube ich nicht' in the present tense, and its look back ('von Jugend an tief religiös gestimmt') says nothing on locus: after the span; states the view at the time of writing, so it is not a retrospective self-report (P29/P20)."
planck-max,worldview.B_cause,would change (not applied),4 at 0.7,4 at 0.5 inferred from the thermodynamics and radiation work (P24),no,"S5 (1933), S4 (1937): after the span; states the view at the time of writing, so it is not a retrospective self-report (P29/P20)."
planck-max,worldview.D_authority,would change (not applied),2 at 0.7,UNKNOWN,no,"S4 (1937): after the span; states the view at the time of writing, so it is not a retrospective self-report (P29/P20)."
planck-max,worldview.E_scope,would change (not applied),4 at 0.7,BELOW_THRESHOLD,no,"S4 (1937): after the span; states the view at the time of writing, so it is not a retrospective self-report (P29/P20)."
planck-max,worldview.mid_basin,would change (not applied),TODO,BELOW_THRESHOLD (A not scored),no,Follows A.
schrodinger-erwin,worldview.D_authority,would change (not applied),3 at 0.5,"BELOW_THRESHOLD, unless the 1944 epilogue (S4) is read as scoring D",no,"S5 Mind and Matter (1958) and S1 'later life': after the span; states the view at the time of writing, so it is not a retrospective self-report (P29/P20)."
curie-marie,worldview.B_cause,would change (not applied),4 at 0.7,4 at 0.5 inferred from the radioactivity work (P24),no,"S3 (1923; the exponential-law passage is in the present tense, so time of writing) is after the span, and the S4 letter (1887) is before it."
bohr-niels,worldview.C_ledger and D_authority,"borderline, left unchanged",4 at 0.5 each,unchanged if Heilbron (S4) is read as saying the adolescent rejection lasted; otherwise BELOW_THRESHOLD,no,"Heilbron reconstructs a rejection of c. 1899–1900 and quotes a 1911 letter, both before 1913. Only Margrethe Bohr's 1963 account ('all the years she knew him', S7) covers the span, and reported speech cannot score alone (P18)."
faraday-michael,worldview.C_ledger and E_scope,"borderline, left unchanged",1 at 0.5; 3 at 0.5,"probably unchanged (S9 on Sandemanian teaching; S8, S5)",no,"S4 (1861), S10 p. 58 (last years) and S10 p. 103 (1862) are after 1850."
kepler-johannes,"worldview.A_locus, D_authority, primary_system","borderline, left unchanged",1 at 0.5; 3 at 0.5; CHRIST 0.5,probably unchanged,no,"The A quote is SEP's account of the Mysterium cosmographicum (1596), before 1604, but SEP and MacTutor treat it as his lasting framework (Harmonices mundi, 1619, is inside)."
newton-isaac,worldview.B_cause,"borderline, left unchanged",3 at 0.7,unchanged,no,The General Scholium (1713) and Query 31 (1717) cites become support only; the Principia (1687) and the Bentley letters (1692–93) carry 3 at 0.7.
faraday-michael,timing.lio_views_relative_to_major_work.rationale,text updated for the new span (value unchanged),The dated statements (1844 letter on keeping religion and philosophy apart; 1854 lecture; 1857 discourse) fall inside the major work period (1821–c. 1855). Cantor ties the search for God-given laws to the work itself (S8).,"The dated statements (1844 letter on keeping religion and philosophy apart; 1854 lecture; 1857 discourse) fall inside the major work period (1821–c. 1855). Cantor ties the search for God-given laws to the work itself (S8). Span check 2026-10-02: against the new 1821–1850 span only the 1844 letter is inside; the 1854 lecture and 1857 discourse are after it, so the label would become 'after major work'. Left for a ruling (pass record).",yes,Old span cited in the rationale; label left (pass record).
godel-kurt,timing.lio_views_relative_to_major_work.rationale,text updated for the new span (value unchanged),"The theist and lawful-order statements read date from 1950 on (the questionnaire from 1974 or later). His mathematical realism is said (by him, late) to date from 1925, but that is not an LIO view.","The theist and lawful-order statements read date from 1950 on (the questionnaire from 1974 or later). His mathematical realism is said (by him, late) to date from 1925, but that is not an LIO view. Span check 2026-10-02: against the new 1929–1958 span the 1950, 1952 and 1958 letters are inside, so the label would become 'during major work'. Left for a ruling (pass record).",yes,Label left (pass record).
godel-kurt,timing.worldview_during_major_work.value,text updated for the new span (value unchanged),"Mathematical realism, by his own later account; he attended the Vienna Circle but was 'not himself a logical positivist'. No religious statement from 1929–1949 was found in the sources read.","Mathematical realism, by his own later account; he attended the Vienna Circle but was 'not himself a logical positivist'. No religious statement from 1929–1949 was found in the sources read. (Span check 2026-10-02: the span is now 1929–1958, so the letters of 1950, 1952 and 1958 fall inside it.)",yes,Old span cited in the text.
newton-isaac,timing.lio_views_relative_to_major_work.rationale,text updated for the new span (value unchanged),"The earliest dated lawful-order statement found is in the Principia itself (1687). The theistic framing in print (General Scholium 1713, Opticks Queries 1717) comes after the major work; the Bentley letters (1692–93) fall at its end.","The earliest dated lawful-order statement found is in the Principia itself (1687). The theistic framing in print (General Scholium 1713, Opticks Queries 1717) comes after the major work; the Bentley letters (1692–93) fall at its end. Span check 2026-10-02: against the new 1665–1704 span the Bentley letters are inside and the 1713 and 1717 texts are still after it; the label is unchanged.",yes,Old span implied in the rationale; label still right.
