record,pass_record,period,field,p31_value,strict_value,evidence_outside_period
boyle-robert,yes,1659–1666,worldview.primary_system,CHRIST 0.7,"CHRIST at 0.5 on Britannica's account of his lifelong piety (S1), or BELOW_THRESHOLD","S3 Free Enquiry (1686) and S4 Christian Virtuoso (1690): after the span; states the view at the time of writing, so it is not a retrospective self-report (P29/P20)."
boyle-robert,yes,1659–1666,worldview.A_locus,0 at 0.7,BELOW_THRESHOLD (no A evidence inside 1659–1666),"S3 p. 158 (1686): after the span; states the view at the time of writing, so it is not a retrospective self-report (P29/P20)."
boyle-robert,yes,1659–1666,worldview.B_cause,3 at 0.7,"3 or 4 at 0.5 inferred from the air-pump and corpuscular work (P24), or BELOW_THRESHOLD; the miracle exception is only in S3","S3 pp. 8, 10–11, 160, 239–240 (1686): after the span; states the view at the time of writing, so it is not a retrospective self-report (P29/P20)."
boyle-robert,yes,1659–1666,worldview.C_ledger,0 at 0.7,BELOW_THRESHOLD,"S4 pp. 41–42 (1690): after the span; states the view at the time of writing, so it is not a retrospective self-report (P29/P20)."
boyle-robert,yes,1659–1666,worldview.D_authority,2 at 0.7,BELOW_THRESHOLD,"S4 pp. 117–118 (1690); S2 §4.8 reads the same late work: after the span; states the view at the time of writing, so it is not a retrospective self-report (P29/P20)."
boyle-robert,yes,1659–1666,worldview.E_scope,3 at 0.7,BELOW_THRESHOLD,"S3 pp. 15–16, 160, 239–240 (1686): after the span; states the view at the time of writing, so it is not a retrospective self-report (P29/P20)."
boyle-robert,yes,1659–1666,worldview.mid_basin,true at 0.7 (pass),BELOW_THRESHOLD (A not scored at 0.7),"Follows A and B, whose evidence is all from 1686 and 1690."
einstein-albert,no,1905–1925,worldview.primary_system,PANT 0.7,BELOW_THRESHOLD,"S4 cable (1929), S3 essays (1930, 1939, 1941); S5 (SEP) reads the same late texts: after the span; states the view at the time of writing, so it is not a retrospective self-report (P29/P20)."
einstein-albert,no,1905–1925,worldview.A_locus,4 at 0.7,BELOW_THRESHOLD,"S4 (1929), S3 (1941): after the span; states the view at the time of writing, so it is not a retrospective self-report (P29/P20)."
einstein-albert,no,1905–1925,worldview.B_cause,4 at 0.7,"4 at 0.5 inferred from the relativity work (P24), as for Fermi","S3 (1930, 1941): after the span; states the view at the time of writing, so it is not a retrospective self-report (P29/P20)."
einstein-albert,no,1905–1925,worldview.C_ledger,4 at 0.7,BELOW_THRESHOLD,"S3 (1930), S4 (1929): after the span; states the view at the time of writing, so it is not a retrospective self-report (P29/P20)."
einstein-albert,no,1905–1925,worldview.D_authority,2 at 0.7,UNKNOWN,"S3 (1939, 1941): after the span; states the view at the time of writing, so it is not a retrospective self-report (P29/P20)."
einstein-albert,no,1905–1925,worldview.E_scope,4 at 0.7,BELOW_THRESHOLD (P19: not scored from working science alone),"S3 (1930, 1941): after the span; states the view at the time of writing, so it is not a retrospective self-report (P29/P20)."
einstein-albert,no,1905–1925,worldview.mid_basin,false at 0.7,BELOW_THRESHOLD (A not scored),"Follows A. If the 1935 EPR argument (S1) were listed, the span would be 1905–1935, the 1929 cable and 1930 essay would fall inside, and of these only D (1939, 1941) would still change."
faraday-michael,yes,1821–1850,worldview.primary_system,CHRIST 0.7,"CHRIST, probably at 0.5: inside the span there is one letter in his words (S3, 1844) plus the S5 and S9 accounts","S4 letter (1861) and the S10 letters of his last years: after the span; states the view at the time of writing, so it is not a retrospective self-report (P29/P20)."
faraday-michael,yes,1821–1850,worldview.A_locus,0 at 0.7,"0 at 0.5 (one in-span letter, S3 1844, plus S5 and S10 p. 36), unless those accounts are judged enough for 0.7","S4 letter (1861) and S10 p. 58 (letter to the Comte de Paris, last years): after the span; states the view at the time of writing, so it is not a retrospective self-report (P29/P20)."
faraday-michael,yes,1821–1850,worldview.B_cause,3 at 0.7,"4, or 3 at 0.5: the stated exception (only God can create or destroy force) is from 1857; the in-span support is S8's undated quotation, S9 and S10 p. 118","S8's 1857 discourse and S10 p. 103 (1862 evidence to the Public Schools Commission): after the span; states the view at the time of writing, so it is not a retrospective self-report (P29/P20)."
faraday-michael,yes,1821–1850,worldview.D_authority,2 at 0.7,"2 at 0.5 (1844 letter, S9, S5) or BELOW_THRESHOLD; the revelation side rests on the 1854 lecture","S10 pp. 99–100, 'Observations on Mental Education' (1854): after the span; states the view at the time of writing, so it is not a retrospective self-report (P29/P20)."
faraday-michael,yes,1821–1850,worldview.mid_basin,true at 0.7 (pass),BELOW_THRESHOLD if A drops below 0.7 (P4 bar); stays true if A stays 0 at 0.7,Follows A and B.
godel-kurt,yes,1929–1958,worldview.A_locus,1 at 0.7,BELOW_THRESHOLD (no A evidence inside 1929–1958),"S5 Grandjean questionnaire (1974–75), S8 ontological proof (1970), S6 letter of 23 July 1961: after the span; states the view at the time of writing, so it is not a retrospective self-report (P29/P20)."
godel-kurt,yes,1929–1958,worldview.B_cause,3 at 0.7,"4 at 0.5 or BELOW_THRESHOLD: inside the span only the 1952 telepathy letter is left, and the stated exception (end of the world) is from 1961","S6 and S7 letters of 1961; S1's 'My Philosophical Viewpoint' list (c. 1960): after the span; states the view at the time of writing, so it is not a retrospective self-report (P29/P20)."
godel-kurt,yes,1929–1958,worldview.C_ledger,3 at 0.5,"3 at 0.5 on the 27 February 1950 letter alone, or BELOW_THRESHOLD","S6 letter of 23 July 1961 and S7 letter of October 1961: after the span; states the view at the time of writing, so it is not a retrospective self-report (P29/P20)."
godel-kurt,yes,1929–1958,worldview.D_authority,3 at 0.7,BELOW_THRESHOLD (only the 1958 remark on papal nuncios is inside),"S7 letter of October 1961 and the Bible notebook, S1 list (c. 1960), S6 letter of 1961: after the span; states the view at the time of writing, so it is not a retrospective self-report (P29/P20)."
godel-kurt,yes,1929–1958,worldview.E_scope,3 at 0.5,4 at 0.5 or BELOW_THRESHOLD (only the 1952 letter is inside),"S6 and S7 letters of 1961: after the span; states the view at the time of writing, so it is not a retrospective self-report (P29/P20)."
godel-kurt,yes,1929–1958,worldview.mid_basin,true at 0.7 (pass),BELOW_THRESHOLD (A not scored),Follows A.
heisenberg-werner,no,1925–1932,worldview.A_locus,2 at 0.7,BELOW_THRESHOLD,"S4 Guardini Prize lecture (1973): after the span; states the view at the time of writing, so it is not a retrospective self-report (P29/P20)."
heisenberg-werner,no,1925–1932,worldview.B_cause,4 at 0.7,4 at 0.5 inferred from the working physics (S1; P24),"S4 (1973): after the span; states the view at the time of writing, so it is not a retrospective self-report (P29/P20)."
heisenberg-werner,no,1925–1932,worldview.D_authority,2 at 0.7,UNKNOWN,"S4 (1973): after the span; states the view at the time of writing, so it is not a retrospective self-report (P29/P20)."
heisenberg-werner,no,1925–1932,worldview.mid_basin,TODO,BELOW_THRESHOLD (A not scored),Follows A.
herschel-caroline,no,1783–1828,worldview.primary_system,CHRIST 0.5,BELOW_THRESHOLD,"S3 letters of 3 March 1829 and 23 April 1835: after the span; states the view at the time of writing, so it is not a retrospective self-report (P29/P20)."
herschel-caroline,no,1783–1828,worldview.A_locus,0 at 0.5,BELOW_THRESHOLD,"S3 letters of 1829 and 1835: after the span; states the view at the time of writing, so it is not a retrospective self-report (P29/P20)."
hubble-edwin,no,1923–1936,worldview.B_cause,4 at 0.7,4 at 0.5 inferred from the Cepheid and redshift work (S1; P24),"S2 p. 10, 'The Nature of Science' (1948): after the span; states the view at the time of writing, so it is not a retrospective self-report (P29/P20)."
hubble-edwin,no,1923–1936,worldview.D_authority,2 at 0.7,UNKNOWN,"S2 pp. 38–39, Caltech address (1938): after the span; states the view at the time of writing, so it is not a retrospective self-report (P29/P20)."
mendeleev-dmitri,no,1869–1871,worldview.B_cause,4 at 0.7,4 at 0.5 inferred from the periodic law work (S1; P24),"S4 lectures against spiritualism (1876): after the span; states the view at the time of writing, so it is not a retrospective self-report (P29/P20)."
newton-isaac,yes,1665–1704,worldview.primary_system,CHRIST 0.7,"CHRIST at 0.5 (inside the span only the S1 and S12 accounts: Arian from about 1672, decades of biblical study)","S9, S10, S11 private manuscripts (all dated post-1710 by the Newton Project): after the span; states the view at the time of writing, so it is not a retrospective self-report (P29/P20)."
newton-isaac,yes,1665–1704,worldview.A_locus,1 at 1.0,"at most 0.7 on the Bentley letters (1692–93: a Deity, a voluntary Agent), or BELOW_THRESHOLD if they are judged not to place God","S5 General Scholium (1713) and S6/S14 Opticks Query 31 (1717): after the span; states the view at the time of writing, so it is not a retrospective self-report (P29/P20)."
newton-isaac,yes,1665–1704,worldview.C_ledger,0 at 0.7,BELOW_THRESHOLD,"S9, S10, S11 (post-1710): after the span; states the view at the time of writing, so it is not a retrospective self-report (P29/P20)."
newton-isaac,yes,1665–1704,worldview.D_authority,2 at 0.7,"2 at 0.5 (Principia method, the 1692 Bentley letter, S1 and S12 on his biblical study) or BELOW_THRESHOLD","S5 (1713), S6 (1717), S9 and S10 (post-1710): after the span; states the view at the time of writing, so it is not a retrospective self-report (P29/P20)."
newton-isaac,yes,1665–1704,worldview.E_scope,3 at 0.7,"4 at 0.7 or lower: inside the span only Rule II (1687) is left; the stated exception (God could vary the laws, Query 31) and Rule III are later","S6 Query 31 (1717), S5 (1713), Rule III (added in 1713), S9 article 8 (post-1710): after the span; states the view at the time of writing, so it is not a retrospective self-report (P29/P20)."
newton-isaac,yes,1665–1704,worldview.mid_basin,true at 0.7 (pass),stays true if A is 1 at 0.7 on the Bentley letters; BELOW_THRESHOLD if A is not scored,Follows A; B (3 at 0.7) holds on the Principia (1687) and the Bentley letters (1692–93).
pauling-linus,no,1931–1951,worldview.primary_system,SECHUM 0.7,BELOW_THRESHOLD,"S3 'Humanism and Peace' (1961), S4 letter (1963): after the span; states the view at the time of writing, so it is not a retrospective self-report (P29/P20)."
pauling-linus,no,1931–1951,worldview.A_locus,4 at 0.7,BELOW_THRESHOLD,"S4 (1963, 'I do not believe in God', present tense), S3 (1961): after the span; states the view at the time of writing, so it is not a retrospective self-report (P29/P20)."
pauling-linus,no,1931–1951,worldview.B_cause,4 at 0.7,4 at 0.5 inferred from the structural chemistry (S1; P24),"S3 (1961): after the span; states the view at the time of writing, so it is not a retrospective self-report (P29/P20)."
pauling-linus,no,1931–1951,worldview.C_ledger,4 at 0.7,BELOW_THRESHOLD,"S3 (1961): after the span; states the view at the time of writing, so it is not a retrospective self-report (P29/P20)."
pauling-linus,no,1931–1951,worldview.D_authority,4 at 0.7,"BELOW_THRESHOLD; the 1963 letter's account of leaving the church is retrospective but undated and seems to be about his youth, before the span","S3 (1961), S4 (1963): after the span; states the view at the time of writing, so it is not a retrospective self-report (P29/P20)."
pauling-linus,no,1931–1951,worldview.E_scope,4 at 0.7,BELOW_THRESHOLD,"S3 (1961): after the span; states the view at the time of writing, so it is not a retrospective self-report (P29/P20)."
pauling-linus,no,1931–1951,worldview.mid_basin,false at 0.7,BELOW_THRESHOLD (A not scored),Follows A.
planck-max,no,1879–1900,worldview.primary_system,DEISM 0.5,BELOW_THRESHOLD,"S4 lecture (1937), S6/S9 letter (1947): after the span; states the view at the time of writing, so it is not a retrospective self-report (P29/P20)."
planck-max,no,1879–1900,worldview.A_locus,2 at 0.7,BELOW_THRESHOLD,"S4 (1937); the 1947 letter (S6, S9) says 'glaube ich nicht' in the present tense, and its look back ('von Jugend an tief religiös gestimmt') says nothing on locus: after the span; states the view at the time of writing, so it is not a retrospective self-report (P29/P20)."
planck-max,no,1879–1900,worldview.B_cause,4 at 0.7,4 at 0.5 inferred from the thermodynamics and radiation work (P24),"S5 (1933), S4 (1937): after the span; states the view at the time of writing, so it is not a retrospective self-report (P29/P20)."
planck-max,no,1879–1900,worldview.D_authority,2 at 0.7,UNKNOWN,"S4 (1937): after the span; states the view at the time of writing, so it is not a retrospective self-report (P29/P20)."
planck-max,no,1879–1900,worldview.E_scope,4 at 0.7,BELOW_THRESHOLD,"S4 (1937): after the span; states the view at the time of writing, so it is not a retrospective self-report (P29/P20)."
planck-max,no,1879–1900,worldview.mid_basin,TODO,BELOW_THRESHOLD (A not scored),Follows A.
schrodinger-erwin,no,1926–1944,worldview.D_authority,3 at 0.5,"BELOW_THRESHOLD, unless the 1944 epilogue (S4) is read as scoring D","S5 Mind and Matter (1958) and S1 'later life': after the span; states the view at the time of writing, so it is not a retrospective self-report (P29/P20)."
curie-marie,no,1898–1910,worldview.B_cause,4 at 0.7,4 at 0.5 inferred from the radioactivity work (P24),"S3 (1923; the exponential-law passage is in the present tense, so time of writing) is after the span, and the S4 letter (1887) is before it."
